series_id,date,value,source
vn.credit_construction_ytd,2021-11-30,2.87,dulieukinhte (API)
vn.credit_construction_ytd,2021-12-31,5.86,dulieukinhte (API)
vn.credit_construction_ytd,2022-01-31,2.14,dulieukinhte (API)
vn.credit_construction_ytd,2022-02-28,1.46,dulieukinhte (API)
vn.credit_construction_ytd,2022-03-31,3.14,dulieukinhte (API)
vn.credit_construction_ytd,2022-04-30,2.8,dulieukinhte (API)
vn.credit_construction_ytd,2022-05-31,3.97,dulieukinhte (API)
vn.credit_construction_ytd,2022-06-30,5.99,dulieukinhte (API)
vn.credit_construction_ytd,2022-07-31,6.35,dulieukinhte (API)
vn.credit_construction_ytd,2022-08-31,6.72,dulieukinhte (API)
vn.credit_construction_ytd,2022-09-30,7.03,dulieukinhte (API)
vn.credit_construction_ytd,2022-10-31,8.11,dulieukinhte (API)
vn.credit_construction_ytd,2022-11-30,8.8,dulieukinhte (API)
vn.credit_construction_ytd,2022-12-31,14.88,dulieukinhte (API)
vn.credit_construction_ytd,2023-01-31,-0.28,dulieukinhte (API)
vn.credit_construction_ytd,2023-02-28,-1.24,dulieukinhte (API)
vn.credit_construction_ytd,2023-03-31,-0.9,dulieukinhte (API)
vn.credit_construction_ytd,2023-04-30,-0.24,dulieukinhte (API)
vn.credit_construction_ytd,2023-05-31,0.93,dulieukinhte (API)
vn.credit_construction_ytd,2023-06-30,1.67,dulieukinhte (API)
vn.credit_construction_ytd,2023-07-31,1.88,dulieukinhte (API)
vn.credit_construction_ytd,2023-08-31,2.08,dulieukinhte (API)
vn.credit_construction_ytd,2023-09-30,1.74,dulieukinhte (API)
vn.credit_construction_ytd,2023-10-31,2.43,dulieukinhte (API)
vn.credit_construction_ytd,2023-11-30,3.2,dulieukinhte (API)
vn.credit_construction_ytd,2023-12-31,6.23,dulieukinhte (API)
vn.credit_construction_ytd,2024-01-31,-0.97,dulieukinhte (API)
vn.credit_construction_ytd,2024-02-29,-1.6,dulieukinhte (API)
vn.credit_construction_ytd,2024-03-31,0.01,dulieukinhte (API)
vn.credit_construction_ytd,2024-04-30,0.65,dulieukinhte (API)
vn.credit_construction_ytd,2024-05-31,1.18,dulieukinhte (API)
vn.credit_construction_ytd,2024-06-30,3.25,dulieukinhte (API)
vn.credit_construction_ytd,2024-07-31,3.18,dulieukinhte (API)
vn.credit_construction_ytd,2024-08-31,4.7,dulieukinhte (API)
vn.credit_construction_ytd,2024-09-30,5.46,dulieukinhte (API)
vn.credit_construction_ytd,2024-10-31,5.59,dulieukinhte (API)
vn.credit_construction_ytd,2024-11-30,5.31,dulieukinhte (API)
vn.credit_construction_ytd,2024-12-31,8.34,dulieukinhte (API)
vn.credit_construction_ytd,2025-01-31,0.83,dulieukinhte (API)
vn.credit_construction_ytd,2025-02-28,0.9,dulieukinhte (API)
vn.credit_construction_ytd,2025-03-31,2.66,dulieukinhte (API)
vn.credit_construction_ytd,2025-04-30,3.41,dulieukinhte (API)
vn.credit_construction_ytd,2025-05-31,4.41,dulieukinhte (API)
vn.credit_construction_ytd,2025-06-30,6.65,dulieukinhte (API)
vn.credit_construction_ytd,2025-07-31,6.09,dulieukinhte (API)
vn.credit_construction_ytd,2025-08-31,7.59,dulieukinhte (API)
vn.credit_construction_ytd,2025-09-30,10.62,dulieukinhte (API)
vn.credit_construction_ytd,2025-10-31,12.47,dulieukinhte (API)
vn.credit_construction_ytd,2025-11-30,13.67,dulieukinhte (API)
vn.credit_construction_ytd,2025-12-31,17.46,dulieukinhte (API)
vn.credit_construction_ytd,2026-01-31,1.39,dulieukinhte (API)
vn.credit_construction_ytd,2026-02-28,2.16,dulieukinhte (API)
vn.credit_construction_ytd,2026-03-31,4.6,dulieukinhte (API)
vn.credit_construction_ytd,2026-04-30,5.35,dulieukinhte (API)
vn.credit_construction_ytd,2026-05-31,5.86,dulieukinhte (API)
vn.credit_construction_ytd,2026-06-30,6.36,dulieukinhte (API)
vn.credit_construction_ytd,2026-07-31,8.59,dulieukinhte (API)
vn.credit_construction_ytd,2026-08-31,13.95,dulieukinhte (API)
vn.credit_ytd,2021-11-30,10.8,dulieukinhte (API)
vn.credit_ytd,2021-12-31,13.61,dulieukinhte (API)
vn.credit_ytd,2022-01-31,2.49,dulieukinhte (API)
vn.credit_ytd,2022-02-28,2.65,dulieukinhte (API)
vn.credit_ytd,2022-03-31,5.97,dulieukinhte (API)
vn.credit_ytd,2022-04-30,7.24,dulieukinhte (API)
vn.credit_ytd,2022-05-31,8.09,dulieukinhte (API)
vn.credit_ytd,2022-06-30,9.44,dulieukinhte (API)
vn.credit_ytd,2022-07-31,9.55,dulieukinhte (API)
vn.credit_ytd,2022-08-31,9.98,dulieukinhte (API)
vn.credit_ytd,2022-09-30,11.05,dulieukinhte (API)
vn.credit_ytd,2022-10-31,11.62,dulieukinhte (API)
vn.credit_ytd,2022-11-30,12.01,dulieukinhte (API)
vn.credit_ytd,2022-12-31,14.2,dulieukinhte (API)
vn.credit_ytd,2023-01-31,0.1,dulieukinhte (API)
vn.credit_ytd,2023-02-28,0.85,dulieukinhte (API)
vn.credit_ytd,2023-03-31,2.56,dulieukinhte (API)
vn.credit_ytd,2023-04-30,3.01,dulieukinhte (API)
vn.credit_ytd,2023-05-31,3.25,dulieukinhte (API)
vn.credit_ytd,2023-06-30,4.71,dulieukinhte (API)
vn.credit_ytd,2023-07-31,4.53,dulieukinhte (API)
vn.credit_ytd,2023-08-31,5.55,dulieukinhte (API)
vn.credit_ytd,2023-09-30,6.95,dulieukinhte (API)
vn.credit_ytd,2023-10-31,7.4,dulieukinhte (API)
vn.credit_ytd,2023-11-30,9.17,dulieukinhte (API)
vn.credit_ytd,2023-12-31,13.78,dulieukinhte (API)
vn.credit_ytd,2024-01-31,-0.68,dulieukinhte (API)
vn.credit_ytd,2024-02-29,-0.75,dulieukinhte (API)
vn.credit_ytd,2024-03-31,1.42,dulieukinhte (API)
vn.credit_ytd,2024-04-30,2.01,dulieukinhte (API)
vn.credit_ytd,2024-05-31,3.43,dulieukinhte (API)
vn.credit_ytd,2024-06-30,6.1,dulieukinhte (API)
vn.credit_ytd,2024-07-31,5.93,dulieukinhte (API)
vn.credit_ytd,2024-08-31,7.31,dulieukinhte (API)
vn.credit_ytd,2024-09-30,9.11,dulieukinhte (API)
vn.credit_ytd,2024-10-31,10.15,dulieukinhte (API)
vn.credit_ytd,2024-11-30,11.85,dulieukinhte (API)
vn.credit_ytd,2024-12-31,15.09,dulieukinhte (API)
vn.credit_ytd,2025-01-31,0.55,dulieukinhte (API)
vn.credit_ytd,2025-02-28,0.76,dulieukinhte (API)
vn.credit_ytd,2025-03-31,3.91,dulieukinhte (API)
vn.credit_ytd,2025-04-30,5.32,dulieukinhte (API)
vn.credit_ytd,2025-05-31,6.72,dulieukinhte (API)
vn.credit_ytd,2025-06-30,9.91,dulieukinhte (API)
vn.credit_ytd,2025-07-31,10.24,dulieukinhte (API)
vn.credit_ytd,2025-08-31,11.78,dulieukinhte (API)
vn.credit_ytd,2025-09-30,13.86,dulieukinhte (API)
vn.credit_ytd,2025-10-31,15.31,dulieukinhte (API)
vn.credit_ytd,2025-11-30,16.85,dulieukinhte (API)
vn.credit_ytd,2025-12-31,19.07,dulieukinhte (API)
vn.credit_ytd,2026-01-31,1.19,dulieukinhte (API)
vn.credit_ytd,2026-02-28,1.33,dulieukinhte (API)
vn.credit_ytd,2026-03-31,3.18,dulieukinhte (API)
vn.credit_ytd,2026-04-30,4.59,dulieukinhte (API)
vn.credit_ytd,2026-05-31,5.96,dulieukinhte (API)
vn.credit_ytd,2026-06-30,8.37,dulieukinhte (API)
vn.credit_ytd,2026-07-31,8.97,dulieukinhte (API)
vn.credit_ytd,2026-08-31,10.19,dulieukinhte (API)
vn.public_investment,2021-11-30,48546.099,dulieukinhte (API)
vn.public_investment,2021-12-31,56031.884,dulieukinhte (API)
vn.public_investment,2022-01-31,25803.6,dulieukinhte (API)
vn.public_investment,2022-02-28,21445.302,dulieukinhte (API)
vn.public_investment,2022-03-31,28846.348,dulieukinhte (API)
vn.public_investment,2022-04-30,33606.322,dulieukinhte (API)
vn.public_investment,2022-05-31,38181.2,dulieukinhte (API)
vn.public_investment,2022-06-30,43506.359,dulieukinhte (API)
vn.public_investment,2022-07-31,45699.063,dulieukinhte (API)
vn.public_investment,2022-08-31,47148.542,dulieukinhte (API)
vn.public_investment,2022-09-30,49827.723,dulieukinhte (API)
vn.public_investment,2022-10-31,53373.854,dulieukinhte (API)
vn.public_investment,2022-11-30,58172.051,dulieukinhte (API)
vn.public_investment,2022-12-31,65944.864,dulieukinhte (API)
vn.public_investment,2023-01-31,26929.494,dulieukinhte (API)
vn.public_investment,2023-02-28,30049.887,dulieukinhte (API)
vn.public_investment,2023-03-31,34874.81635,dulieukinhte (API)
vn.public_investment,2023-04-30,40046.60795,dulieukinhte (API)
vn.public_investment,2023-05-31,46215.651,dulieukinhte (API)
vn.public_investment,2023-06-30,54477.136,dulieukinhte (API)
vn.public_investment,2023-07-31,58234.75,dulieukinhte (API)
vn.public_investment,2023-08-31,60835.825,dulieukinhte (API)
vn.public_investment,2023-09-30,62099.06188,dulieukinhte (API)
vn.public_investment,2023-10-31,65166.05241,dulieukinhte (API)
vn.public_investment,2023-11-30,69142.10825,dulieukinhte (API)
vn.public_investment,2023-12-31,77347.515,dulieukinhte (API)
vn.public_investment,2024-01-31,32930.38,dulieukinhte (API)
vn.public_investment,2024-02-29,28078.11222,dulieukinhte (API)
vn.public_investment,2024-03-31,37878.886,dulieukinhte (API)
vn.public_investment,2024-04-30,43488.773,dulieukinhte (API)
vn.public_investment,2024-05-31,48310.367,dulieukinhte (API)
vn.public_investment,2024-06-30,53220.56763,dulieukinhte (API)
vn.public_investment,2024-07-31,57074.237,dulieukinhte (API)
vn.public_investment,2024-08-31,62284.3372,dulieukinhte (API)
vn.public_investment,2024-09-30,63869.281,dulieukinhte (API)
vn.public_investment,2024-10-31,68603.21,dulieukinhte (API)
vn.public_investment,2024-11-30,79042.785,dulieukinhte (API)
vn.public_investment,2024-12-31,86378.0,dulieukinhte (API)
vn.public_investment,2025-01-31,35247.927,dulieukinhte (API)
vn.public_investment,2025-02-28,37702.2542,dulieukinhte (API)
vn.public_investment,2025-03-31,43970.575,dulieukinhte (API)
vn.public_investment,2025-04-30,49605.265,dulieukinhte (API)
vn.public_investment,2025-05-31,58060.198,dulieukinhte (API)
vn.public_investment,2025-06-30,71473.94236,dulieukinhte (API)
vn.public_investment,2025-07-31,77569.961,dulieukinhte (API)
vn.public_investment,2025-08-31,83134.591,dulieukinhte (API)
vn.public_investment,2025-09-30,86622.06777,dulieukinhte (API)
vn.public_investment,2025-10-31,86622.06777,dulieukinhte (API)
vn.public_investment,2025-11-30,100207.89899999999,dulieukinhte (API)
vn.public_investment,2025-12-31,111538.149,dulieukinhte (API)
vn.public_investment,2026-01-31,44636.382000000005,dulieukinhte (API)
vn.public_investment,2026-02-28,39840.883,dulieukinhte (API)
vn.public_investment,2026-03-31,48241.097,dulieukinhte (API)
vn.public_investment,2026-04-30,56839.453559999994,dulieukinhte (API)
vn.public_investment,2026-05-31,64967.605390000004,dulieukinhte (API)
vn.public_investment,2026-06-30,85177.519,dulieukinhte (API)
vn.public_investment,2026-07-31,97700.581,dulieukinhte (API)
vn.public_investment,2026-08-31,105749.188,dulieukinhte (API)
vn.public_investment,2026-09-30,113636.78685,dulieukinhte (API)
