date,value,unit,source,frequency,vintage_date
2009-03-31,-1.7699999999999996,điểm %,Tính toán,M,2026-10-10
2009-06-30,2.4899999999999984,điểm %,Tính toán,M,2026-10-10
2009-09-30,8.370000000000001,điểm %,Tính toán,M,2026-10-10
2009-12-31,8.540000000000003,điểm %,Tính toán,M,2026-10-10
2010-01-31,-0.14,điểm %,Tính toán,M,2026-10-10
2010-02-28,0.1499999999999999,điểm %,Tính toán,M,2026-10-10
2010-03-31,1.9899999999999998,điểm %,Tính toán,M,2026-10-10
2010-04-30,1.2599999999999998,điểm %,Tính toán,M,2026-10-10
2010-05-31,0.6899999999999995,điểm %,Tính toán,M,2026-10-10
2010-06-30,1.1800000000000015,điểm %,Tính toán,M,2026-10-10
2010-07-31,0.16999999999999993,điểm %,Tính toán,M,2026-10-10
2010-08-31,0.120000000000001,điểm %,Tính toán,M,2026-10-10
2010-09-30,0.6700000000000017,điểm %,Tính toán,M,2026-10-10
2010-10-31,1.4799999999999969,điểm %,Tính toán,M,2026-10-10
2010-11-30,1.1700000000000017,điểm %,Tính toán,M,2026-10-10
2010-12-31,4.550000000000001,điểm %,Tính toán,M,2026-10-10
2011-01-31,0.32999999999999996,điểm %,Tính toán,M,2026-10-10
2011-02-28,-0.040000000000000036,điểm %,Tính toán,M,2026-10-10
2011-03-31,0.5599999999999996,điểm %,Tính toán,M,2026-10-10
2011-04-30,3.06,điểm %,Tính toán,M,2026-10-10
2011-05-31,4.84,điểm %,Tính toán,M,2026-10-10
2011-07-31,4.0,điểm %,Tính toán,M,2026-10-10
2011-08-31,0.3200000000000003,điểm %,Tính toán,M,2026-10-10
2011-09-30,-0.7099999999999991,điểm %,Tính toán,M,2026-10-10
2011-10-31,1.1099999999999994,điểm %,Tính toán,M,2026-10-10
2011-12-31,1.6300000000000008,điểm %,Tính toán,M,2026-10-10
2012-01-31,0.050000000000000044,điểm %,Tính toán,M,2026-10-10
2012-02-29,2.4,điểm %,Tính toán,M,2026-10-10
2012-03-31,-17.799999999999997,điểm %,Tính toán,M,2026-10-10
2012-04-30,-17.75,điểm %,Tính toán,M,2026-10-10
2012-05-31,-19.32,điểm %,Tính toán,M,2026-10-10
2012-06-30,-20.39,điểm %,Tính toán,M,2026-10-10
2012-07-31,-21.87,điểm %,Tính toán,M,2026-10-10
2012-08-31,-22.25,điểm %,Tính toán,M,2026-10-10
2012-09-30,-23.23,điểm %,Tính toán,M,2026-10-10
2012-10-31,-23.59,điểm %,Tính toán,M,2026-10-10
2012-11-30,-24.910000000000004,điểm %,Tính toán,M,2026-10-10
2012-12-31,-27.959999999999997,điểm %,Tính toán,M,2026-10-10
2013-01-31,-2.08,điểm %,Tính toán,M,2026-10-10
2013-02-28,-2.3099999999999996,điểm %,Tính toán,M,2026-10-10
2013-03-31,-2.6,điểm %,Tính toán,M,2026-10-10
2013-04-30,-2.19,điểm %,Tính toán,M,2026-10-10
2013-05-31,-2.17,điểm %,Tính toán,M,2026-10-10
2013-06-30,-2.59,điểm %,Tính toán,M,2026-10-10
2013-07-31,-2.1499999999999995,điểm %,Tính toán,M,2026-10-10
2013-08-31,-2.6599999999999993,điểm %,Tính toán,M,2026-10-10
2013-09-30,-3.46,điểm %,Tính toán,M,2026-10-10
2013-10-31,-4.460000000000001,điểm %,Tính toán,M,2026-10-10
2013-11-30,-5.6899999999999995,điểm %,Tính toán,M,2026-10-10
2013-12-31,-6.330000000000002,điểm %,Tính toán,M,2026-10-10
2014-01-31,-2.62,điểm %,Tính toán,M,2026-10-10
2014-02-28,-2.86,điểm %,Tính toán,M,2026-10-10
2014-03-31,-2.3,điểm %,Tính toán,M,2026-10-10
2014-04-30,-2.3,điểm %,Tính toán,M,2026-10-10
2014-05-31,-3.1999999999999997,điểm %,Tính toán,M,2026-10-10
2014-06-30,-3.27,điểm %,Tính toán,M,2026-10-10
2014-07-31,-1.2299999999999995,điểm %,Tính toán,M,2026-10-10
2014-08-31,-2.919999999999999,điểm %,Tính toán,M,2026-10-10
2014-09-30,-2.7700000000000005,điểm %,Tính toán,M,2026-10-10
2014-10-31,-2.25,điểm %,Tính toán,M,2026-10-10
2014-11-30,-2.2300000000000004,điểm %,Tính toán,M,2026-10-10
2014-12-31,-3.530000000000001,điểm %,Tính toán,M,2026-10-10
2015-01-31,-0.22,điểm %,Tính toán,M,2026-10-10
2015-02-28,-1.8400000000000003,điểm %,Tính toán,M,2026-10-10
2015-03-31,0.2999999999999998,điểm %,Tính toán,M,2026-10-10
2015-04-30,1.1,điểm %,Tính toán,M,2026-10-10
2015-05-31,1.4099999999999997,điểm %,Tính toán,M,2026-10-10
2015-06-30,-2.179999999999999,điểm %,Tính toán,M,2026-10-10
2015-07-31,2.3099999999999996,điểm %,Tính toán,M,2026-10-10
2015-08-31,2.250000000000001,điểm %,Tính toán,M,2026-10-10
2015-09-30,2.1499999999999986,điểm %,Tính toán,M,2026-10-10
2015-10-31,2.8900000000000006,điểm %,Tính toán,M,2026-10-10
2015-11-30,3.34,điểm %,Tính toán,M,2026-10-10
2015-12-31,1.0300000000000011,điểm %,Tính toán,M,2026-10-10
2016-01-31,-0.71,điểm %,Tính toán,M,2026-10-10
2016-02-29,-1.33,điểm %,Tính toán,M,2026-10-10
2016-03-31,-1.0899999999999999,điểm %,Tính toán,M,2026-10-10
2016-04-30,-1.04,điểm %,Tính toán,M,2026-10-10
2016-05-31,-1.2799999999999994,điểm %,Tính toán,M,2026-10-10
2016-06-30,-1.3099999999999987,điểm %,Tính toán,M,2026-10-10
2016-07-31,-0.16000000000000014,điểm %,Tính toán,M,2026-10-10
2016-08-31,-1.3699999999999992,điểm %,Tính toán,M,2026-10-10
2016-09-30,-1.8200000000000003,điểm %,Tính toán,M,2026-10-10
2016-10-31,-1.3599999999999994,điểm %,Tính toán,M,2026-10-10
2016-11-30,-0.8800000000000008,điểm %,Tính toán,M,2026-10-10
2016-12-31,-0.129999999999999,điểm %,Tính toán,M,2026-10-10
2017-01-31,-0.7699999999999998,điểm %,Tính toán,M,2026-10-10
2017-02-28,-0.010000000000000009,điểm %,Tính toán,M,2026-10-10
2017-03-31,0.8799999999999999,điểm %,Tính toán,M,2026-10-10
2017-04-30,1.77,điểm %,Tính toán,M,2026-10-10
2017-05-31,2.2399999999999993,điểm %,Tính toán,M,2026-10-10
2017-06-30,2.12,điểm %,Tính toán,M,2026-10-10
2017-07-31,1.96,điểm %,Tính toán,M,2026-10-10
2017-08-31,1.870000000000001,điểm %,Tính toán,M,2026-10-10
2017-09-30,1.6600000000000001,điểm %,Tính toán,M,2026-10-10
2017-10-31,2.83,điểm %,Tính toán,M,2026-10-10
2017-11-30,2.5600000000000005,điểm %,Tính toán,M,2026-10-10
2017-12-31,0.0,điểm %,Tính toán,M,2026-10-10
2018-01-31,-0.31000000000000005,điểm %,Tính toán,M,2026-10-10
2018-02-28,-1.1799999999999997,điểm %,Tính toán,M,2026-10-10
2018-03-31,-0.44999999999999973,điểm %,Tính toán,M,2026-10-10
2018-04-30,-0.5899999999999999,điểm %,Tính toán,M,2026-10-10
2018-05-31,-0.6800000000000006,điểm %,Tính toán,M,2026-10-10
2018-06-30,-0.5300000000000002,điểm %,Tính toán,M,2026-10-10
2018-07-31,0.16999999999999993,điểm %,Tính toán,M,2026-10-10
2018-08-31,0.5199999999999996,điểm %,Tính toán,M,2026-10-10
2018-09-30,1.3200000000000003,điểm %,Tính toán,M,2026-10-10
2018-10-31,1.3499999999999996,điểm %,Tính toán,M,2026-10-10
2018-11-30,1.7400000000000002,điểm %,Tính toán,M,2026-10-10
2018-12-31,1.4800000000000004,điểm %,Tính toán,M,2026-10-10
2019-01-31,-1.1,điểm %,Tính toán,M,2026-10-10
2019-02-28,-0.71,điểm %,Tính toán,M,2026-10-10
2019-03-31,0.23999999999999977,điểm %,Tính toán,M,2026-10-10
2019-04-30,0.8300000000000001,điểm %,Tính toán,M,2026-10-10
2019-05-31,0.41000000000000014,điểm %,Tính toán,M,2026-10-10
2019-06-30,0.25,điểm %,Tính toán,M,2026-10-10
2019-07-31,0.4400000000000004,điểm %,Tính toán,M,2026-10-10
2019-08-31,0.16000000000000014,điểm %,Tính toán,M,2026-10-10
2019-09-30,-0.0600000000000005,điểm %,Tính toán,M,2026-10-10
2019-10-31,-0.030000000000001137,điểm %,Tính toán,M,2026-10-10
2019-11-30,-0.5399999999999991,điểm %,Tính toán,M,2026-10-10
2019-12-31,-1.129999999999999,điểm %,Tính toán,M,2026-10-10
2020-01-31,-1.64,điểm %,Tính toán,M,2026-10-10
2020-02-29,-0.7699999999999999,điểm %,Tính toán,M,2026-10-10
2020-03-31,-0.4099999999999999,điểm %,Tính toán,M,2026-10-10
2020-04-30,-0.54,điểm %,Tính toán,M,2026-10-10
2020-05-31,-1.3599999999999999,điểm %,Tính toán,M,2026-10-10
2020-06-30,-1.5000000000000004,điểm %,Tính toán,M,2026-10-10
2020-07-31,-1.5300000000000002,điểm %,Tính toán,M,2026-10-10
2020-08-31,-2.1999999999999993,điểm %,Tính toán,M,2026-10-10
2020-09-30,-2.5500000000000007,điểm %,Tính toán,M,2026-10-10
2020-10-31,-2.5100000000000007,điểm %,Tính toán,M,2026-10-10
2020-11-30,-2.5199999999999996,điểm %,Tính toán,M,2026-10-10
2020-12-31,-2.3599999999999994,điểm %,Tính toán,M,2026-10-10
2021-01-31,0.0,điểm %,Tính toán,M,2026-10-10
2021-02-28,-0.30999999999999994,điểm %,Tính toán,M,2026-10-10
2021-03-31,0.9800000000000002,điểm %,Tính toán,M,2026-10-10
2021-04-30,1.25,điểm %,Tính toán,M,2026-10-10
2021-05-31,1.25,điểm %,Tính toán,M,2026-10-10
2021-06-30,2.0100000000000007,điểm %,Tính toán,M,2026-10-10
2021-07-31,2.12,điểm %,Tính toán,M,2026-10-10
2021-08-31,2.1100000000000003,điểm %,Tính toán,M,2026-10-10
2021-09-30,1.54,điểm %,Tính toán,M,2026-10-10
2021-10-31,2.1799999999999997,điểm %,Tính toán,M,2026-10-10
2021-11-30,3.120000000000001,điểm %,Tính toán,M,2026-10-10
2021-12-31,2.9499999999999993,điểm %,Tính toán,M,2026-10-10
2022-01-31,-0.09999999999999964,điểm %,Tính toán,M,2026-10-10
2022-02-28,0.8399999999999999,điểm %,Tính toán,M,2026-10-10
2022-03-31,2.5199999999999996,điểm %,Tính toán,M,2026-10-10
2022-04-30,3.74,điểm %,Tính toán,M,2026-10-10
2022-05-31,4.76,điểm %,Tính toán,M,2026-10-10
2022-06-30,5.66,điểm %,Tính toán,M,2026-10-10
2022-07-31,6.370000000000001,điểm %,Tính toán,M,2026-10-10
2022-08-31,7.300000000000001,điểm %,Tính toán,M,2026-10-10
2022-09-30,7.840000000000001,điểm %,Tính toán,M,2026-10-10
2022-10-31,8.54,điểm %,Tính toán,M,2026-10-10
2022-11-30,8.46,điểm %,Tính toán,M,2026-10-10
2022-12-31,8.049999999999999,điểm %,Tính toán,M,2026-10-10
2023-01-31,-0.6900000000000001,điểm %,Tính toán,M,2026-10-10
2023-02-28,0.53,điểm %,Tính toán,M,2026-10-10
2023-03-31,1.24,điểm %,Tính toán,M,2026-10-10
2023-04-30,1.2999999999999998,điểm %,Tính toán,M,2026-10-10
2023-05-31,1.2000000000000002,điểm %,Tính toán,M,2026-10-10
2023-06-30,1.0,điểm %,Tính toán,M,2026-10-10
2023-07-31,1.62,điểm %,Tính toán,M,2026-10-10
2023-08-31,1.5099999999999998,điểm %,Tính toán,M,2026-10-10
2023-09-30,1.33,điểm %,Tính toán,M,2026-10-10
2023-10-31,1.4400000000000004,điểm %,Tính toán,M,2026-10-10
2023-11-30,1.25,điểm %,Tính toán,M,2026-10-10
2023-12-31,1.3199999999999985,điểm %,Tính toán,M,2026-10-10
2024-01-31,-0.68,điểm %,Tính toán,M,2026-10-10
2024-02-29,-0.21999999999999997,điểm %,Tính toán,M,2026-10-10
2024-03-31,1.3299999999999998,điểm %,Tính toán,M,2026-10-10
2024-04-30,1.88,điểm %,Tính toán,M,2026-10-10
2024-05-31,2.6100000000000003,điểm %,Tính toán,M,2026-10-10
2024-06-30,2.8899999999999997,điểm %,Tính toán,M,2026-10-10
2024-07-31,3.4099999999999997,điểm %,Tính toán,M,2026-10-10
2024-08-31,3.1899999999999995,điểm %,Tính toán,M,2026-10-10
2024-09-30,3.169999999999999,điểm %,Tính toán,M,2026-10-10
2024-10-31,3.2200000000000006,điểm %,Tính toán,M,2026-10-10
2024-11-30,3.709999999999999,điểm %,Tính toán,M,2026-10-10
2024-12-31,3.119999999999999,điểm %,Tính toán,M,2026-10-10
2025-01-31,-0.9099999999999999,điểm %,Tính toán,M,2026-10-10
2025-02-28,-0.5900000000000001,điểm %,Tính toán,M,2026-10-10
2025-03-31,0.9199999999999999,điểm %,Tính toán,M,2026-10-10
2025-04-30,0.8200000000000003,điểm %,Tính toán,M,2026-10-10
2025-05-31,0.8099999999999996,điểm %,Tính toán,M,2026-10-10
2025-06-30,0.5899999999999999,điểm %,Tính toán,M,2026-10-10
2025-07-31,1.4862629571936026,điểm %,Tính toán,M,2026-10-10
2025-08-31,1.8945358475332394,điểm %,Tính toán,M,2026-10-10
2025-09-30,2.3266421726320257,điểm %,Tính toán,M,2026-10-10
2025-10-31,10.768901990704105,điểm %,Tính toán,M,2026-10-10
2025-11-30,11.135689086746506,điểm %,Tính toán,M,2026-10-10
2025-12-31,10.529966152682682,điểm %,Tính toán,M,2026-10-10
2026-01-31,0.499731977349247,điểm %,Tính toán,M,2026-10-10
2026-02-28,0.31895706934967016,điểm %,Tính toán,M,2026-10-10
2026-03-31,2.1996804480614425,điểm %,Tính toán,M,2026-10-10
2026-04-30,2.666276264785944,điểm %,Tính toán,M,2026-10-10
2026-05-31,3.2316724276858846,điểm %,Tính toán,M,2026-10-10
