date,value,unit,source,frequency,vintage_date
2011-03-31,3.608073381802046,%,dulieukinhte,Q,2026-10-08
2011-06-30,3.8765254589481213,%,dulieukinhte,Q,2026-10-08
2011-09-30,3.834758462566934,%,dulieukinhte,Q,2026-10-08
2011-12-31,3.865326271307157,%,dulieukinhte,Q,2026-10-08
2012-03-31,0.7462070615772864,%,dulieukinhte,Q,2026-10-08
2012-06-30,0.8521343081608901,%,dulieukinhte,Q,2026-10-08
2012-09-30,2.2466427587082283,%,dulieukinhte,Q,2026-10-08
2012-12-31,1.3316388785398203,%,dulieukinhte,Q,2026-10-08
2013-03-31,1.7307288083831196,%,dulieukinhte,Q,2026-10-08
2013-06-30,1.8853879810051932,%,dulieukinhte,Q,2026-10-08
2013-09-30,2.1107105269703386,%,dulieukinhte,Q,2026-10-08
2013-12-31,2.8490139808091675,%,dulieukinhte,Q,2026-10-08
2014-03-31,2.378543909722808,%,dulieukinhte,Q,2026-10-08
2014-06-30,2.6392402886131983,%,dulieukinhte,Q,2026-10-08
2014-09-30,3.0805082503438275,%,dulieukinhte,Q,2026-10-08
2014-12-31,3.008469040103612,%,dulieukinhte,Q,2026-10-08
2015-03-31,2.5519823079124926,%,dulieukinhte,Q,2026-10-08
2015-06-30,2.8745451725848303,%,dulieukinhte,Q,2026-10-08
2015-09-30,3.2324378391145325,%,dulieukinhte,Q,2026-10-08
2015-12-31,3.1235231063469593,%,dulieukinhte,Q,2026-10-08
2016-03-31,3.11596156106575,%,dulieukinhte,Q,2026-10-08
2016-06-30,3.540047565763116,%,dulieukinhte,Q,2026-10-08
2016-09-30,4.2359473054562,%,dulieukinhte,Q,2026-10-08
2016-12-31,4.880036599096638,%,dulieukinhte,Q,2026-10-08
2017-03-31,3.542699425186391,%,dulieukinhte,Q,2026-10-08
2017-06-30,4.1546027221932125,%,dulieukinhte,Q,2026-10-08
2017-09-30,4.226797140655836,%,dulieukinhte,Q,2026-10-08
2017-12-31,4.2892182038606785,%,dulieukinhte,Q,2026-10-08
2018-03-31,3.6503743165733127,%,dulieukinhte,Q,2026-10-08
2018-06-30,4.562446287632782,%,dulieukinhte,Q,2026-10-08
2018-09-30,4.1036037394527325,%,dulieukinhte,Q,2026-10-08
2018-12-31,4.867988128578804,%,dulieukinhte,Q,2026-10-08
2019-03-31,4.745125083145063,%,dulieukinhte,Q,2026-10-08
2019-06-30,4.129551855363567,%,dulieukinhte,Q,2026-10-08
2019-09-30,4.65408989186864,%,dulieukinhte,Q,2026-10-08
2019-12-31,4.869176731097613,%,dulieukinhte,Q,2026-10-08
2020-03-31,2.6495955779776814,%,dulieukinhte,Q,2026-10-08
2020-06-30,-2.3359694485172944,%,dulieukinhte,Q,2026-10-08
2020-09-30,-0.3548243163390197,%,dulieukinhte,Q,2026-10-08
2020-12-31,1.334530793645028,%,dulieukinhte,Q,2026-10-08
2021-03-31,14.764425718217101,%,dulieukinhte,Q,2026-10-08
2021-06-30,6.649004456637897,%,dulieukinhte,Q,2026-10-08
2021-09-30,-8.455924737455023,%,dulieukinhte,Q,2026-10-08
2021-12-31,9.411333110951237,%,dulieukinhte,Q,2026-10-08
2022-03-31,1.8534178318737604,%,dulieukinhte,Q,2026-10-08
2022-06-30,10.015754647136198,%,dulieukinhte,Q,2026-10-08
2022-09-30,17.631816983823168,%,dulieukinhte,Q,2026-10-08
2022-12-31,4.959561239821908,%,dulieukinhte,Q,2026-10-08
2023-03-31,-0.6418718678498525,%,dulieukinhte,Q,2026-10-08
2023-06-30,-3.94548984075892,%,dulieukinhte,Q,2026-10-08
2023-09-30,-3.2532224904903706,%,dulieukinhte,Q,2026-10-08
2023-12-31,-14.917516737059666,%,dulieukinhte,Q,2026-10-08
2024-03-31,30.764368999238624,%,dulieukinhte,Q,2026-10-08
2024-06-30,3.8959284170010378,%,dulieukinhte,Q,2026-10-08
2024-09-30,2.3828745571172094,%,dulieukinhte,Q,2026-10-08
2024-12-31,4.349161235178256,%,dulieukinhte,Q,2026-10-08
2025-03-31,6.495127821256719,%,dulieukinhte,Q,2026-10-08
2025-06-30,4.9870715218357065,%,dulieukinhte,Q,2026-10-08
2025-09-30,10.796444979313913,%,dulieukinhte,Q,2026-10-08
2025-12-31,31.910995224278714,%,dulieukinhte,Q,2026-10-08
2026-03-31,30.547890048476777,%,dulieukinhte,Q,2026-10-08
2026-06-30,71.97617301993135,%,dulieukinhte,Q,2026-10-08
