code,name,group,block,unit,frequency,period,value,prev_period,prev_value,change,change_basis,change_unit,yoy_change,ytd_change,target,vs_target,zscore_5y,status,threshold_method,threshold_source,threshold_note,threshold_detail,status_label,measure,distance_to_next,trend,favorability,direction,segment,flags,source,row_source,source_url,impact_housing_demand,impact_housing_supply,impact_industrial_demand,impact_industrial_supply,build_date
fed_upper,Lãi suất Fed (biên trên),A1,external,%,D,2026-10-05,4.0,2026-09-05,3.75,25.0,30d,bps,-25.0,25.0,,,0.03964951464533709,green_strong,absolute,90_ui.yaml,Vị trí lãi suất Fed so với 5 năm gần nhất.,,Rất tốt,,0.5,up,unfavorable,up_bad,both,,FRED,FRED,https://fred.stlouisfed.org/series/DFEDTARU,down,down,none,down,2026-10-07
fed_lower,Lãi suất Fed (biên dưới),A1,external,%,D,2026-10-05,3.75,2026-09-05,3.5,25.0,30d,bps,-25.0,25.0,,,0.03964951464533709,green,zscore,default,"Ngưỡng thống kê mặc định, |z| trên 1 là vàng, trên 2 là đỏ (5 năm)",z = 0.04,Tốt,,0.9603504853546629,up,unfavorable,up_bad,both,default_threshold,FRED,FRED,https://fred.stlouisfed.org/series/DFEDTARL,down,down,none,down,2026-10-07
effr,Lãi suất liên bang hiệu lực (EFFR),A1,external,%,D,2026-10-02,3.88,2026-09-02,3.63,25.0,30d,bps,-20.999999999999996,23.99999999999998,,,0.06743142274199344,green,zscore,default,"Ngưỡng thống kê mặc định, |z| trên 1 là vàng, trên 2 là đỏ (5 năm)",z = 0.07,Tốt,,0.9325685772580066,up,unfavorable,up_bad,both,default_threshold,FRED,FRED,https://fred.stlouisfed.org/series/DFF,down,down,none,down,2026-10-07
ust_2y,Lợi suất UST 2 năm,A1,external,%,D,2026-10-02,4.83,2026-09-02,4.39,44.00000000000004,30d,bps,128.00000000000003,136.0,,,0.9642040055170663,green,zscore,default,"Ngưỡng thống kê mặc định, |z| trên 1 là vàng, trên 2 là đỏ (5 năm)",z = 0.96,Tốt,,0.03579599448293369,up,unfavorable,up_bad,both,default_threshold,FRED,FRED,https://fred.stlouisfed.org/series/DGS2,down,down,none,down,2026-10-07
ust_10y,Lợi suất UST 10 năm,A1,external,%,D,2026-10-02,5.28,2026-09-02,4.79,49.00000000000002,30d,bps,118.00000000000006,110.00000000000006,,,1.7058945648628956,red,percentile,bộ: Rủi ro thị trường toàn cầu,Vị trí so với 5 năm gần nhất. Lợi suất Mỹ cao gây áp lực tỷ giá và lãi suất trong nước.,phân vị 100 trong 5 năm,Rất xấu,,0.0,up,unfavorable,up_bad,both,,FRED,FRED,https://fred.stlouisfed.org/series/DGS10,down,down,none,down,2026-10-07
ust_10y2y,Độ dốc UST 10Y − 2Y,A1,external,điểm %,D,2026-10-05,0.47,2026-09-04,0.41,6.0,30d,bps,-8.000000000000007,-24.0,,,0.7965636863440989,yellow,absolute,bộ: Rủi ro thị trường toàn cầu,"Đường cong lợi suất đảo ngược (dưới 0) là tín hiệu suy thoái; 0–0,5 là phẳng.",,Trung tính,,0.47,flat,two_way,two_way,both,,FRED,FRED,https://fred.stlouisfed.org/series/T10Y2Y,,,,,2026-10-07
usd_broad,"Chỉ số USD (broad, Fed)",A1,external,điểm,D,2026-10-02,121.3848,2026-09-02,118.5296,2.408849772546273,30d,pct,0.7931604854620522,1.3689020723934853,,,0.12557838350429998,green,zscore,default,"Ngưỡng thống kê mặc định, |z| trên 1 là vàng, trên 2 là đỏ (5 năm)",z = 0.13,Tốt,,0.8744216164957,up,unfavorable,up_bad,both,default_threshold,FRED,FRED,https://fred.stlouisfed.org/series/DTWEXBGS,down,down,none,down,2026-10-07
dxy,Chỉ số USD (DXY),A1,external,điểm,D,2026-10-06,,2026-09-04,,,30d,pct,,,,,,green,zscore,bộ: Rủi ro thị trường toàn cầu,USD mạnh lên bất thường (z trên 1) gây áp lực lên VND.,z = -0.04,Tốt,,,up,unfavorable,up_bad,both,;yahoo_hidden,Yahoo Finance,Yahoo,https://finance.yahoo.com/quote/DX-Y.NYB,down,down,none,down,2026-10-07
brent,Dầu Brent giao ngay (EIA),A2,external,USD/thùng,D,2026-09-29,113.96,2026-08-28,89.75,26.97493036211698,30d,pct,65.15942028985506,85.75387123064384,,,1.9496889133524637,orange,absolute,bộ: Rủi ro thị trường toàn cầu,Trên 100 USD/thùng làm tăng lạm phát nhập khẩu và chi phí xây dựng.,,Xấu,,6.040000000000006,up,unfavorable,up_bad,both,stale,FRED (EIA),FRED,https://fred.stlouisfed.org/series/DCOILBRENTEU,down,down,down,down,2026-10-07
brent_futures,Dầu Brent kỳ hạn (ICE),A2,external,USD/thùng,D,2026-10-06,,2026-09-04,,,30d,pct,,,,,,yellow,zscore,default,"Ngưỡng thống kê mặc định, |z| trên 1 là vàng, trên 2 là đỏ (5 năm)",z = 1.16,Trung tính,,,up,unfavorable,up_bad,both,default_threshold;yahoo_hidden,Yahoo Finance (ICE BZ=F),Yahoo,https://finance.yahoo.com/quote/BZ=F,down,down,down,down,2026-10-07
copper,Đồng LME (giá cash),A3,external,USD/tấn,D,2026-10-05,,2026-09-04,,,30d,pct,,,,,,red,percentile,bộ: Rủi ro thị trường toàn cầu,Giá đồng cao so với 5 năm gần nhất làm tăng chi phí vật liệu xây dựng.,phân vị 99 trong 5 năm,Rất xấu,,,flat,neutral,up_bad,both,;yahoo_hidden,LME (Westmetall),LME (Westmetall),https://www.westmetall.com/en/markdaten.php?action=table&field=LME_Cu_cash,none,none,none,none,2026-10-07
copper_lme_stock,Tồn kho đồng LME,A3,external,tấn,D,2026-10-05,,2026-09-04,,,30d,pct,,,,,,green,zscore,default,"Ngưỡng thống kê mặc định, |z| trên 1 là vàng, trên 2 là đỏ (5 năm)",z = 0.88,Tốt,,,down,two_way,two_way,both,default_threshold;yahoo_hidden,LME (Westmetall),LME (Westmetall),https://www.westmetall.com/en/markdaten.php?action=table&field=LME_Cu_cash,,,,,2026-10-07
copper_comex,Đồng COMEX (đối chiếu),A3,external,USD/lb,D,2026-10-06,,2026-09-04,,,30d,pct,,,,,,red,zscore,default,"Ngưỡng thống kê mặc định, |z| trên 1 là vàng, trên 2 là đỏ (5 năm)",z = 2.53,Xấu,,,flat,neutral,up_bad,both,default_threshold;yahoo_hidden,Yahoo Finance (COMEX),Yahoo,https://finance.yahoo.com/quote/HG=F,none,none,none,none,2026-10-07
copper_imf,"Đồng, giá thế giới IMF (tháng)",A3,external,USD/tấn,M,2026-07-31,13542.82086956522,2026-06-30,13552.04090909091,-0.06803432477470173,prev,pct,38.60815086638751,14.857621184741143,,,2.5700726892040384,red,zscore,default,"Ngưỡng thống kê mặc định, |z| trên 1 là vàng, trên 2 là đỏ (5 năm)",z = 2.57,Xấu,,0.0,up,unfavorable,up_bad,both,stale;default_threshold,FRED (IMF),FRED,https://fred.stlouisfed.org/series/PCOPPUSDM,none,down,none,down,2026-10-07
hy_spread,Spread trái phiếu HY Mỹ,A5,external,điểm %,D,2026-10-02,3.1,2026-09-02,2.66,43.99999999999999,30d,bps,29.000000000000004,29.000000000000004,,,0.004265766877960664,green_strong,absolute,bộ: Rủi ro thị trường toàn cầu,"Spread HY 3,5–4,5 điểm % là vùng ổn định; trên 5 là vạch đỏ; trên 8 thường đi cùng suy thoái.",,Rất tốt,,0.3999999999999999,up,unfavorable,up_bad,both,,FRED (ICE BofA),FRED,https://fred.stlouisfed.org/series/BAMLH0A0HYM2,down,none,down,down,2026-10-07
breakeven_10y,Lạm phát kỳ vọng 10 năm (breakeven),A5,external,%,D,2026-10-05,2.36,2026-09-04,2.35,0.9999999999999787,30d,bps,2.9999999999999805,10.999999999999988,,,0.020762497194089326,yellow,absolute,bộ: Rủi ro thị trường toàn cầu,"Fed nhắm lạm phát 2%. Lạm phát kỳ vọng trên 2,5% làm khó cắt giảm lãi suất.",,Trung tính,,0.14000000000000012,flat,neutral,up_bad,both,,FRED,FRED,https://fred.stlouisfed.org/series/T10YIE,,,,,2026-10-07
vix,Chỉ số biến động VIX,A5,external,điểm,D,2026-10-02,15.31,2026-09-02,15.2,0.7236842105263319,30d,pct,-7.937462417318086,2.4080267558528545,,,-0.7134251833124536,yellow,absolute,bộ: Rủi ro thị trường toàn cầu,"Dưới 15 yên ả, 15–20 bình thường, 20–30 căng thẳng, trên 30 khủng hoảng.",,Trung tính,,4.6899999999999995,flat,neutral,up_bad,both,,FRED (CBOE),FRED,https://fred.stlouisfed.org/series/VIXCLS,none,none,none,none,2026-10-07
us_mortgage_30y,Lãi vay mua nhà Mỹ 30 năm,A5,external,%,W,2026-10-01,7.28,2026-09-24,7.03,25.0,prev,bps,98.00000000000004,112.99999999999999,,,1.008552626079051,yellow,zscore,default,"Ngưỡng thống kê mặc định, |z| trên 1 là vàng, trên 2 là đỏ (5 năm)",z = 1.01,Trung tính,,0.9914473739209491,up,unfavorable,up_bad,housing,default_threshold,FRED (Freddie Mac),FRED,https://fred.stlouisfed.org/series/MORTGAGE30US,,,,,2026-10-07
gdp_yoy_published,Tăng trưởng GDP (số công bố),B1,domestic,%,Q,2026-06-30,8.39,2026-03-31,7.83,0.5600000000000005,prev,pp,0.20000000000000107,-0.07000000000000028,10.0,-1.6099999999999994,0.5682514965962205,yellow,absolute,bộ: Chính sách Việt Nam 2026,Mục tiêu tăng trưởng 2026 từ 10% trở lên (NQ 244/2025/QH15). Dưới 6% là giảm tốc rõ.,,Trung tính,,0.39000000000000057,flat,neutral,up_good,both,,GSO · VBMA,VBMA,https://vbma.org.vn/vi/market-data/macro-economic-heatmap,none,none,none,none,2026-10-07
gdp_yoy,Tăng trưởng GDP (tự tính),B1,domestic,%,Q,2026-06-30,89.72774377855093,2026-03-31,46.175260293438434,43.5524834851125,prev,pp,82.22403110837638,67.09566592636767,10.0,79.72774377855093,3.5730128445770863,insufficient,zscore,default,"Ngưỡng thống kê mặc định, |z| trên 1 là vàng, trên 2 là đỏ (5 năm)",Nghi đổi năm gốc — không xếp màu,Xấu,,0.0,up,favorable,up_good,both,rebase_suspect;default_threshold,GSO · dulieukinhte,dulieukinhte,https://dulieukinhte.com/,,,,,2026-10-07
gdp_realestate_yoy,"GDP ngành kinh doanh BĐS, so cùng kỳ",B1,domestic,%,Q,2026-06-30,71.97617301993135,2026-03-31,30.547890048476777,41.42828297145458,prev,pp,66.98910149809565,40.06517779565264,,,3.2171513183299183,insufficient,zscore,default,"Ngưỡng thống kê mặc định, |z| trên 1 là vàng, trên 2 là đỏ (5 năm)",Nghi đổi năm gốc — không xếp màu,Xấu,,0.0,up,favorable,up_good,housing,rebase_suspect;default_threshold,GSO · dulieukinhte,dulieukinhte,https://dulieukinhte.com/,,,,,2026-10-07
gdp_construction_yoy,"GDP ngành xây dựng, so cùng kỳ",B1,domestic,%,Q,2026-06-30,107.43704178752105,2026-03-31,-2.2931133337861787,109.73015512130723,prev,pp,98.65536111123062,75.49068010039136,,,3.2243981199039218,insufficient,zscore,default,"Ngưỡng thống kê mặc định, |z| trên 1 là vàng, trên 2 là đỏ (5 năm)",Nghi đổi năm gốc — không xếp màu,Xấu,,0.0,up,favorable,up_good,both,rebase_suspect;default_threshold,GSO · dulieukinhte,dulieukinhte,https://dulieukinhte.com/,,,,,2026-10-07
export_yoy,Xuất khẩu so cùng kỳ,B1,domestic,%,M,2026-07-31,25.590081904262973,2026-06-30,28.610943653953136,-3.0208617496901624,prev,pp,7.924317956601492,1.6067143031473385,,,1.2005407462156186,yellow,zscore,default,"Ngưỡng thống kê mặc định, |z| trên 1 là vàng, trên 2 là đỏ (5 năm)",z = 1.20,Trung tính,,0.7994592537843814,flat,neutral,up_good,industrial,stale;default_threshold,Hải quan · dulieukinhte,dulieukinhte,https://dulieukinhte.com/,none,none,none,none,2026-10-07
cpi_yoy,CPI so cùng kỳ,B2,domestic,%,M,2026-08-31,4.89,2026-07-31,4.45,0.4399999999999995,prev,pp,1.6499999999999995,1.4099999999999997,,,1.591760113972273,red,absolute,bộ: Chính sách Việt Nam 2026,"Quốc hội đặt mục tiêu CPI bình quân 2026 khoảng 4,5% (NQ 244/2025/QH15). Trên 4,5% là vượt mục tiêu.",,Rất xấu,,0.0,flat,neutral,up_bad,both,,GSO · VBMA,VBMA,https://vbma.org.vn/vi/market-data/macro-economic-heatmap,none,none,none,none,2026-10-07
cpi_avg_ytd,CPI bình quân từ đầu năm (so mục tiêu),B2,domestic,%,M,2026-07-31,4.393497411553593,2026-06-30,4.383989345289052,0.009508066264540815,prev,pp,1.1374746841712913,1.082559264405747,4.5,-0.10650258844640703,-0.11359905265731764,yellow,absolute,bộ: Chính sách Việt Nam 2026,"So với mục tiêu CPI bình quân 2026 khoảng 4,5% (NQ 244/2025/QH15).",,Trung tính,,0.10650258844640703,flat,neutral,up_bad,both,stale,GSO · dulieukinhte,dulieukinhte,https://dulieukinhte.com/,none,none,none,none,2026-10-07
cpi_housing_yoy,"CPI nhà ở và VLXD, so cùng kỳ",B2,domestic,%,M,2026-08-31,6.6,2026-07-31,6.71,-0.11000000000000032,prev,pp,-0.39000000000000057,1.3699999999999992,,,0.7010821907363053,green,zscore,default,"Ngưỡng thống kê mặc định, |z| trên 1 là vàng, trên 2 là đỏ (5 năm)",z = 0.70,Tốt,,0.2989178092636947,down,favorable,up_bad,housing,default_threshold,GSO · dulieukinhte,VBMA,https://dulieukinhte.com/,up,up,none,up,2026-10-07
fx_central,Tỷ giá trung tâm USD/VND,B2,domestic,VND/USD,D,2026-08-10,25491.0,2026-07-11,25214.0,1.0985960180851961,30d,pct,1.0424924686855963,1.4728713028939966,,,1.7171036796698331,yellow,zscore,default,"Ngưỡng thống kê mặc định, |z| trên 1 là vàng, trên 2 là đỏ (5 năm)",z = 1.72,Trung tính,,0.2828963203301669,up,unfavorable,up_bad,both,stale;default_threshold,NHNN · dulieukinhte,dulieukinhte,https://dulieukinhte.com/,down,down,none,down,2026-10-07
fx_central_ytd,"Tỷ giá trung tâm, thay đổi từ đầu năm",B2,domestic,%,D,2026-08-10,1.4728713028939966,2026-07-11,0.3702081923490308,-2.31189091530577,yoy,pp,-2.31189091530577,,,,0.35179410681301526,green,absolute,bộ: Chính sách Việt Nam 2026,Biên độ tỷ giá ±5% quanh tỷ giá trung tâm. VND mất giá trên 3% từ đầu năm là áp lực lên lãi suất.,,Tốt,,0.5271286971060034,down,favorable,up_bad,both,stale,NHNN · dulieukinhte,dulieukinhte,https://dulieukinhte.com/,up,up,none,up,2026-10-07
deposit_12m_big4,LS huy động 12 tháng (Big4),B3,domestic,%,D,2026-10-06,5.9,2026-09-06,5.9,0.0,30d,bps,122.50000000000006,97.50000000000006,,,0.5252756447576815,orange,percentile,bộ: Chính sách Việt Nam 2026,Vị trí so với 5 năm gần nhất. Trên P75 là chi phí vốn cao so với lịch sử gần.,phân vị 78 trong 5 năm,Xấu,,12.31653888280394,flat,neutral,up_bad,both,,Simplize,Simplize,https://simplize.vn/lai-suat-ngan-hang,none,none,none,none,2026-10-07
deposit_12m_all,LS huy động 12 tháng (20 NH),B3,domestic,%,D,2026-10-06,6.147368421052632,2026-09-06,6.100000000000001,4.736842105263062,30d,bps,91.12573099415214,52.79239766081885,,,0.235738561467988,green,zscore,default,"Ngưỡng thống kê mặc định, |z| trên 1 là vàng, trên 2 là đỏ (5 năm)",z = 0.24,Tốt,,0.764261438532012,flat,neutral,up_bad,both,default_threshold,Simplize,Simplize,https://simplize.vn/lai-suat-ngan-hang,none,none,none,none,2026-10-07
interbank_on,LS liên ngân hàng qua đêm,B3,domestic,%,D,2026-07-31,5.72,2026-07-01,5.949999999999999,-22.999999999999954,30d,bps,236.99999999999997,395.0,,,1.0878577318236067,yellow,absolute,bộ: Chính sách Việt Nam 2026,"So với lãi suất tái cấp vốn 4,5%. Liên ngân hàng qua đêm trên 6% là thanh khoản căng.",,Trung tính,,0.28000000000000025,flat,neutral,up_bad,both,stale,NHNN · dulieukinhte,dulieukinhte,https://dulieukinhte.com/,none,none,none,none,2026-10-07
refi_rate,Lãi suất tái cấp vốn,B3,domestic,%,D,2026-08-03,4.5,2026-07-03,4.5,0.0,30d,bps,0.0,0.0,,,-0.10682548506659863,green,zscore,default,"Ngưỡng thống kê mặc định, |z| trên 1 là vàng, trên 2 là đỏ (5 năm)",z = -0.11,Tốt,,0.8931745149334014,flat,neutral,up_bad,both,stale;default_threshold,NHNN · dulieukinhte,dulieukinhte,https://dulieukinhte.com/,none,none,none,none,2026-10-07
govbond_10y,Lợi suất TPCP 10 năm,B3,domestic,%,D,2026-07-31,4.464118,2026-07-01,4.447392,1.672600000000024,30d,bps,122.31580000000002,54.55869999999998,,,1.5983279417397886,red,percentile,bộ: Chính sách Việt Nam 2026,Vị trí so với 5 năm gần nhất. Lợi suất cao kéo theo lãi vay dài hạn.,phân vị 93 trong 5 năm,Rất xấu,,0.0,flat,neutral,up_bad,both,stale,HNX · dulieukinhte,dulieukinhte,https://dulieukinhte.com/,none,none,none,none,2026-10-07
real_rate,Lãi suất thực (huy động 12T Big4 − CPI),B3,domestic,điểm %,M,2026-08-31,1.0100000000000007,2026-07-31,1.4500000000000002,-43.99999999999995,prev,bps,-42.49999999999989,-43.499999999999915,,,-0.864115949304738,yellow,absolute,bộ: Chính sách Việt Nam 2026,Lãi suất thực dương cao làm chi phí vay mua nhà đắt hơn. Trên 3% là thắt chặt.,,Trung tính,,0.9899999999999993,flat,neutral,up_bad,both,,"Tính toán (Simplize, GSO)",Tính toán,,none,none,none,none,2026-10-07
credit_ytd,Tăng trưởng tín dụng từ đầu năm,B4,domestic,%,M,2026-08-31,10.19,2026-07-31,8.97,-1.5899999999999999,yoy,pp,-1.5899999999999999,,,,0.6161133088951577,green,zscore,default,"Ngưỡng thống kê mặc định, |z| trên 1 là vàng, trên 2 là đỏ (5 năm)",z = 0.62,Tốt,,0.3838866911048423,down,two_way,two_way,both,default_threshold,NHNN · dulieukinhte,dulieukinhte (API),https://dulieukinhte.com/,both,both,none,down,2026-10-07
credit_yoy,Tăng trưởng tín dụng so cùng kỳ,B4,domestic,%,M,2026-08-31,17.37630434782613,2026-07-31,17.69827558055155,-0.32197123272541717,prev,pp,-2.507771693549323,-1.6936956521738757,15.0,2.3763043478261316,0.5981304477683604,green,absolute,bộ: Chính sách Việt Nam 2026,NHNN định hướng tín dụng 2026 khoảng 15% (Chỉ thị 01/CT-NHNN). Dưới 12% là thanh khoản cho BĐS bị thắt.,,Tốt,,2.3763043478261316,down,two_way,two_way,both,,NHNN · dulieukinhte,dulieukinhte (API),https://dulieukinhte.com/,both,both,none,down,2026-10-07
credit_construction_ytd,"Tín dụng ngành xây dựng, từ đầu năm",B4,domestic,%,M,2026-08-31,13.95,2026-07-31,8.59,6.359999999999999,yoy,pp,6.359999999999999,,,,2.263846655877306,red,zscore,default,"Ngưỡng thống kê mặc định, |z| trên 1 là vàng, trên 2 là đỏ (5 năm)",z = 2.26,Xấu,,0.0,up,favorable,up_good,both,default_threshold,NHNN · dulieukinhte,dulieukinhte (API),https://dulieukinhte.com/,both,both,none,up,2026-10-07
m2_ytd,Tăng trưởng M2 từ đầu năm,B4,domestic,%,M,2026-05-31,2.7283275723141154,2026-04-30,1.9237237352140557,-3.1816724276858848,yoy,pp,-3.1816724276858848,,,,-0.5000353529060041,green,zscore,default,"Ngưỡng thống kê mặc định, |z| trên 1 là vàng, trên 2 là đỏ (5 năm)",z = -0.50,Tốt,,0.4999646470939959,down,unfavorable,up_good,both,stale;default_threshold,NHNN · dulieukinhte,dulieukinhte,https://dulieukinhte.com/,both,both,none,down,2026-10-07
credit_minus_m2,Tín dụng trừ M2 (từ đầu năm),B4,domestic,điểm %,M,2026-05-31,3.2316724276858846,2026-04-30,2.666276264785944,2.421672427685885,yoy,pp,2.421672427685885,,,,0.14112750555108244,green,zscore,default,"Ngưỡng thống kê mặc định, |z| trên 1 là vàng, trên 2 là đỏ (5 năm)",z = 0.14,Tốt,,0.8588724944489176,up,unfavorable,up_bad,both,stale;default_threshold,Tính toán (NHNN),Tính toán,,,,,,2026-10-07
land_use_revenue,Thu tiền sử dụng đất (NSNN),C1,domestic,tỷ đồng,A,2024-12-31,217245.0,2020-12-31,121000.0,79.54132231404958,prev,pct,,79.54132231404958,,,,insufficient,zscore,default,"Ngưỡng thống kê mặc định, |z| trên 1 là vàng, trên 2 là đỏ (5 năm)",z = nan,,,,up,unfavorable,up_bad,housing,default_threshold,Bộ Tài chính · VBMA,VBMA,https://vbma.org.vn/vi/market-data/macro-economic-heatmap,down,down,down,down,2026-10-07
public_investment,Vốn đầu tư NSNN thực hiện (tháng),D2,domestic,tỷ đồng,M,2026-09-30,113636.78685,2026-08-31,105749.188,7.458779588926978,prev,pct,31.186878558163535,1.8815426549708913,,,2.529019239997219,red,zscore,default,"Ngưỡng thống kê mặc định, |z| trên 1 là vàng, trên 2 là đỏ (5 năm)",z = 2.53,Xấu,,0.0,up,favorable,up_good,both,default_threshold,GSO · dulieukinhte,dulieukinhte (API),https://dulieukinhte.com/,up,both,up,up,2026-10-07
public_investment_ytd_yoy,"Vốn đầu tư NSNN thực hiện lũy kế từ đầu năm, so cùng kỳ",D2,domestic,%,M,2026-09-30,20.869612284721796,2026-08-31,18.913018634188393,1.956593650533403,prev,pp,-6.347042010575407,-6.445447862380615,,,0.645252613696131,green,zscore,default,"Ngưỡng thống kê mặc định, |z| trên 1 là vàng, trên 2 là đỏ (5 năm)",z = 0.65,Tốt,,0.35474738630386904,up,favorable,up_good,both,default_threshold,GSO · dulieukinhte,dulieukinhte (API),https://dulieukinhte.com/,up,both,up,up,2026-10-07
public_investment_ytd,Vốn đầu tư NSNN thực hiện lũy kế từ đầu năm,D2,domestic,tỷ đồng,M,2026-09-30,656789.4958,2026-08-31,543152.70895,20.869612284721796,yoy,pct,20.869612284721796,,,,1.7291421286789004,yellow,zscore,default,"Ngưỡng thống kê mặc định, |z| trên 1 là vàng, trên 2 là đỏ (5 năm)",z = 1.73,Trung tính,,0.2708578713210996,up,favorable,up_good,both,default_threshold,GSO · dulieukinhte,dulieukinhte (API),https://dulieukinhte.com/,up,both,up,up,2026-10-07
public_investment_plan_pace,Tiến độ đầu tư công so kế hoạch năm,D2,domestic,điểm %,M,2026-09-30,-10.773029541162927,2026-08-31,-13.552155525045286,2.779125983882359,prev,pp,,,,,,insufficient,zscore,default,"Ngưỡng thống kê mặc định, |z| trên 1 là vàng, trên 2 là đỏ (5 năm)",z = nan,,,,up,favorable,up_good,both,default_threshold,"Tính toán (GSO, KH TTg giao)",Tính toán,,up,both,up,up,2026-10-07
fdi_registered_ytd,FDI đăng ký mới (lũy kế năm),E1,domestic,triệu USD,M,2026-07-31,21045.97153151,2026-06-30,17389.390460079994,109.72732069382425,yoy,pct,109.72732069382425,,,,2.165571403002329,red,zscore,default,"Ngưỡng thống kê mặc định, |z| trên 1 là vàng, trên 2 là đỏ (5 năm)",z = 2.17,Xấu,,0.0,up,favorable,up_good,industrial,cumulative_ytd;stale;default_threshold,Bộ KH&ĐT · dulieukinhte,dulieukinhte,https://dulieukinhte.com/,none,none,up,none,2026-10-07
fdi_registered_ytd_yoy,"FDI đăng ký mới, lũy kế so cùng kỳ",E1,domestic,%,M,2026-07-31,109.72732069382425,2026-06-30,87.16383806139225,22.563482632432,prev,pp,116.49960286944652,121.94049526927131,,,1.4724836954361173,yellow,zscore,default,"Ngưỡng thống kê mặc định, |z| trên 1 là vàng, trên 2 là đỏ (5 năm)",z = 1.47,Trung tính,,0.5275163045638827,flat,neutral,up_good,industrial,cumulative_ytd;stale;default_threshold,Bộ KH&ĐT · dulieukinhte,dulieukinhte,https://dulieukinhte.com/,none,none,none,none,2026-10-07
pmi_vn,PMI sản xuất Việt Nam,B1,domestic,điểm,M,2026-08-31,53.3,2026-07-31,52.9,0.7561436672967936,prev,pct,5.753968253968256,0.5660377358490454,,,0.9656224954451706,green,absolute,bộ: Chính sách Việt Nam 2026,50 là ranh giới mở rộng và thu hẹp sản xuất (S&P Global). Dưới 48 là thu hẹp rõ.,,Tốt,,1.2999999999999972,flat,neutral,up_good,industrial,,S&P Global · VBMA,VBMA,https://vbma.org.vn/vi/market-data/macro-economic-heatmap,none,none,none,none,2026-10-07
